Temporal Difference ,Q-Learning,TD increase,Average Reward-TD,,Average Reward increase
-785,-352,45%,-401.03,-393.05,113%
-623,-415,67%,,,
-587,-469,80%,,,
-542,-361,67%,,,
-542,-433,80%,,,
-542,-469,87%,,,
-434,-406,94%,,,
-299,-415,139%,,,
-587,-460,78%,,,
-551,-334,61%,,,
-398,-334,84%,,,
-416,-379,91%,,,
-461,-334,72%,,,
-560,-460,82%,,,
-234,-406,174%,,,
-329,-460,140%,,,
-272,-352,129%,,,
-245,-415,169%,,,
-380,-334,88%,,,
-254,-379,149%,,,
-335,-487,145%,,,
-587,-433,74%,,,
-362,-433,120%,,,
-254,-451,178%,,,
-200,-388,194%,,,
-209,-442,211%,,,
-218,-388,178%,,,
-542,-379,70%,,,
-353,-397,112%,,,
-371,-343,92%,,,
-371,-325,88%,,,
-614,-269,44%,,,
-212,-388,183%,,,
-290,-307,106%,,,
-245,-325,133%,,,
-425,-433,102%,,,
-209,-388,186%,,,
-209,-388,186%,,,
-236,-415,176%,,,
-235,-451,192%,,,
-77,-433,562%,,,
-362,-397,110%,,,
-200,-379,190%,,,
-299,-406,136%,,,
-236,-406,172%,,,
-211,-352,167%,,,
-200,-397,199%,,,
-200,-415,208%,,,
-218,-424,194%,,,
-127,-334,263%,,,
-137,-433,316%,,,
-317,-334,105%,,,
-398,-505,127%,,,
-434,-460,106%,,,
-236,-379,161%,,,
-236,-379,161%,,,
-227,-388,171%,,,
-282,-388,138%,,,
-578,-379,66%,,,
-200,-397,199%,,,
-335,-415,124%,,,
-200,-379,190%,,,
-209,-397,190%,,,
-200,-406,203%,,,
-236,-424,180%,,,
-227,-424,187%,,,
-120,-415,346%,,,
-218,-388,178%,,,
-10,-415,4150%,,,
-209,-388,186%,,,
-13,-424,3262%,,,
-218,-370,170%,,,
-209,-433,207%,,,
-317,-388,122%,,,
-100,-343,343%,,,
-8,-352,4400%,,,
-209,-442,211%,,,
-209,-397,190%,,,
-218,-460,211%,,,
-461,-334,72%,,,
-479,-388,81%,,,
-209,-406,194%,,,
-309,-406,131%,,,
-93,-388,417%,,,
-155,-361,233%,,,
-227,-352,155%,,,
-81,-325,401%,,,
-326,-370,113%,,,
-281,-334,119%,,,
-65,-415,638%,,,
-479,-442,92%,,,
-371,-451,122%,,,
-200,-442,221%,,,
-245,-406,166%,,,
-78,-379,486%,,,
-254,-370,146%,,,
-200,-406,203%,,,
8,-370,-4625%,,,
-106,-370,349%,,,
-209,-433,207%,,,
-187,-397,212%,,,
-245,-370,151%,,,
-245,-406,166%,,,
-149,-370,248%,,,
-218,-352,161%,,,
-452,-451,100%,,,
-542,-442,82%,,,
-227,-379,167%,,,
-506,-361,71%,,,
-209,-307,147%,,,
-200,-460,230%,,,
-200,-451,226%,,,
-119,-388,326%,,,
-209,-397,190%,,,
-209,-361,173%,,,
-37,-325,878%,,,
-308,-424,138%,,,
-167,-370,222%,,,
-200,-442,221%,,,
-227,-334,147%,,,
-283,-379,134%,,,
-27,-451,1670%,,,
-213,-406,191%,,,
-218,-388,178%,,,
-227,-442,195%,,,
-42,-343,817%,,,
-272,-397,146%,,,
-506,-406,80%,,,
-147,-397,270%,,,
4,-415,-10375%,,,
-227,-433,191%,,,
-146,-343,235%,,,
-39,-487,1249%,,,
-107,-370,346%,,,
-245,-85,35%,,,
-218,-406,186%,,,
-461,-388,84%,,,
-209,-370,177%,,,
-407,-361,89%,,,
-209,-361,173%,,,
-77,-334,434%,,,
-155,-433,279%,,,
-30,-307,1023%,,,
-40,-361,903%,,,
-353,-271,77%,,,
-177,-406,229%,,,
-56,-379,677%,,,
-470,-451,96%,,,
-145,-397,274%,,,
-62,-451,727%,,,
-113,-370,327%,,,
-211,-469,222%,,,
-389,-325,84%,,,
-245,-361,147%,,,
-191,-379,198%,,,
-200,-343,172%,,,
-200,-451,226%,,,
-23,-379,1648%,,,
-353,-424,120%,,,
-344,-361,105%,,,
-231,-352,152%,,,
-120,-352,293%,,,
-136,-388,285%,,,
-212,-415,196%,,,
-407,-487,120%,,,
-254,-388,153%,,,
-173,-415,240%,,,
-146,-415,284%,,,
-109,-397,364%,,,
-150,-397,265%,,,
-33,-424,1285%,,,
-129,-298,231%,,,
-190,-388,204%,,,
-158,-379,240%,,,
-107,-451,421%,,,
-209,-478,229%,,,
-174,-370,213%,,,
-542,-289,53%,,,
-236,-325,138%,,,
-515,-397,77%,,,
-200,-406,203%,,,
-32,-388,1213%,,,
-99,-388,392%,,,
-116,-433,373%,,,
-103,-415,403%,,,
-115,-361,314%,,,
-175,-469,268%,,,
-326,-370,113%,,,
-202,-460,228%,,,
-236,-406,172%,,,
-129,-375,291%,,,
-25,-316,1264%,,,
-132,-307,233%,,,
-133,-370,278%,,,
-363,-433,119%,,,
-130,-433,333%,,,
-218,-433,199%,,,
-145,-370,255%,,,
-218,-303,139%,,,
-91,-370,407%,,,
-270,-388,144%,,,
-245,-370,151%,,,
-69,-343,497%,,,
-461,-406,88%,,,
-160,-424,265%,,,
-112,-334,298%,,,
-208,-415,200%,,,
-163,-343,210%,,,
-434,-361,83%,,,
-227,-442,195%,,,
-124,-145,117%,,,
-173,-370,214%,,,
-272,-415,153%,,,
-198,-370,187%,,,
-79,-469,594%,,,
-49,-361,737%,,,
-279,-433,155%,,,
-127,-415,327%,,,
-47,-316,672%,,,
-142,-370,261%,,,
-146,-298,204%,,,
-226,-298,132%,,,
-189,-397,210%,,,
-251,-343,137%,,,
-376,-352,94%,,,
-158,-370,234%,,,
-38,-415,1092%,,,
-200,-424,212%,,,
-19,-370,1947%,,,
-85,-442,520%,,,
-97,-415,428%,,,
-86,-478,556%,,,
-108,-352,326%,,,
-95,-334,352%,,,
-227,-379,167%,,,
-108,-460,426%,,,
-151,-451,299%,,,
-111,-424,382%,,,
-209,-415,199%,,,
-479,-334,70%,,,
-72,-316,439%,,,
-362,-361,100%,,,
-311,-397,128%,,,
-184,-379,206%,,,
-42,-361,860%,,,
-175,-424,242%,,,
-128,-415,324%,,,
4,-352,-8800%,,,
-153,-352,230%,,,
-35,-424,1211%,,,
-488,-388,80%,,,
-25,-361,1444%,,,
-337,-415,123%,,,
-133,-433,326%,,,
-157,-442,282%,,,
-52,-397,763%,,,
-160,-361,226%,,,
-20,-469,2345%,,,
-110,-415,377%,,,
-28,-388,1386%,,,
-30,-370,1233%,,,
-11,-361,3282%,,,
-380,-496,131%,,,
-135,-397,294%,,,
-60,-343,572%,,,
-92,-406,441%,,,
-246,-406,165%,,,
-139,-424,305%,,,
-479,-388,81%,,,
14,-415,-2964%,,,
-218,-343,157%,,,
-75,-397,529%,,,
-172,-505,294%,,,
-281,-406,144%,,,
-326,-388,119%,,,
-98,-388,396%,,,
-250,-424,170%,,,
-131,-334,255%,,,
-12,-325,2708%,,,
-416,-442,106%,,,
-10,-388,3880%,,,
-163,-352,216%,,,
-88,-298,339%,,,
-39,-334,856%,,,
-73,-397,544%,,,
-9,-397,4411%,,,
-218,-397,182%,,,
-109,-343,315%,,,
-202,-406,201%,,,
-90,-460,511%,,,
-28,-397,1418%,,,
-56,-370,661%,,,
-161,-388,241%,,,
-149,-343,230%,,,
0,-406,#DIV/0!,,,
-193,-361,187%,,,
-258,-379,147%,,,
-249,-343,138%,,,
-153,-487,318%,,,
-140,-370,264%,,,
-17,-361,2124%,,,
-140,-442,316%,,,
13,-451,-3469%,,,
-92,-415,451%,,,
-11,-469,4264%,,,
-161,-460,286%,,,
-126,-406,322%,,,
-162,-424,262%,,,
-447,-334,75%,,,
-245,-406,166%,,,
-213,-424,199%,,,
-162,-325,201%,,,
-25,-379,1516%,,,
-99,-271,274%,,,
-506,-406,80%,,,
-156,-433,278%,,,
-49,-424,865%,,,
-94,-424,451%,,,
-39,-424,1087%,,,
-8,-334,4175%,,,
-168,-352,210%,,,
-111,-325,293%,,,
-32,-343,1072%,,,
-145,-343,237%,,,
-134,-361,269%,,,
-193,-334,173%,,,
-252,-325,129%,,,
-419,-334,80%,,,
-71,-406,572%,,,
4,-307,-7675%,,,
-29,-388,1338%,,,
-83,-379,457%,,,
-191,-442,231%,,,
-114,-361,317%,,,
8,-361,-4513%,,,
-16,-325,2031%,,,
-50,-343,686%,,,
-12,-334,2783%,,,
-104,-469,451%,,,
-6,-406,6767%,,,
-227,-397,175%,,,
-199,-415,209%,,,
-77,-424,551%,,,
-10,-433,4330%,,,
-66,-370,561%,,,
-168,-415,247%,,,
-6,-424,7067%,,,
-60,-334,557%,,,
-70,-388,554%,,,
-243,-370,152%,,,
-43,-442,1028%,,,
-105,-451,430%,,,
-2,-316,15800%,,,
-2,-397,19850%,,,
-119,-415,349%,,,
-71,-487,686%,,,
-209,-433,207%,,,
-19,-307,1616%,,,
-95,-379,399%,,,
-114,-325,285%,,,
-3,-316,10533%,,,
-93,-406,437%,,,
-45,-352,782%,,,
-4,-388,9700%,,,
-59,-361,612%,,,
-168,-406,242%,,,
3,-352,-11733%,,,
-169,-388,230%,,,
-39,-406,1041%,,,
-36,-352,978%,,,
-56,-370,661%,,,
-69,-442,641%,,,
-29,-433,1493%,,,
-44,-442,1005%,,,
-155,-379,245%,,,
-23,-451,1961%,,,
-63,-379,602%,,,
-35,-415,1186%,,,
-140,-388,277%,,,
-78,-370,474%,,,
-22,-406,1845%,,,
5,-451,-9020%,,,
-193,-352,182%,,,
-126,-397,315%,,,
-18,-379,2106%,,,
-221,-415,188%,,,
-121,-325,269%,,,
8,-424,-5300%,,,
-110,-388,353%,,,
-169,-415,246%,,,
-49,-478,976%,,,
-44,-298,677%,,,
-11,-397,3609%,,,
-106,-496,468%,,,
-57,-325,570%,,,
-57,-442,775%,,,
-72,-469,651%,,,
-448,-406,91%,,,
-52,-379,729%,,,
5,-325,-6500%,,,
0,-442,#DIV/0!,,,
-170,-352,207%,,,
-155,-352,227%,,,
-37,-370,1000%,,,
-5,-424,8480%,,,
-86,-397,462%,,,
7,-415,-5929%,,,
-167,-469,281%,,,
-16,-397,2481%,,,
-10,-406,4060%,,,
-135,-352,261%,,,
-24,-406,1692%,,,
-67,-433,646%,,,
-86,-406,472%,,,
-51,-433,849%,,,
-24,-406,1692%,,,
-80,-352,440%,,,
-241,-316,131%,,,
-354,-487,138%,,,
-106,-397,375%,,,
-2,-388,19400%,,,
-63,-397,630%,,,
-94,-397,422%,,,
10,-379,-3790%,,,
1,-379,-37900%,,,
11,-406,-3691%,,,
-3,-523,17433%,,,
-142,-370,261%,,,
-105,-442,421%,,,
-53,-442,834%,,,
-39,-316,810%,,,
-16,-337,2106%,,,
-14,-370,2643%,,,
-29,-415,1431%,,,
-44,-397,902%,,,
-46,-361,785%,,,
3,-442,-14733%,,,
6,-289,-4817%,,,
10,-442,-4420%,,,
-341,-424,124%,,,
-41,-361,880%,,,
-66,-352,533%,,,
-3,-379,12633%,,,
-28,-424,1514%,,,
-48,-295,615%,,,
-8,-388,4850%,,,
-35,-397,1134%,,,
-87,-424,487%,,,
-91,-442,486%,,,
-322,-370,115%,,,
-58,-370,638%,,,
0,-415,#DIV/0!,,,
-52,-424,815%,,,
-42,-343,817%,,,
-61,-415,680%,,,
-86,-361,420%,,,
-35,-415,1186%,,,
-23,-352,1530%,,,
-30,-406,1353%,,,
-103,-370,359%,,,
-92,-370,402%,,,
-102,-370,363%,,,
-112,-406,363%,,,
9,-460,-5111%,,,
-13,-397,3054%,,,
-62,-424,684%,,,
-4,-352,8800%,,,
-47,-370,787%,,,
-68,-316,465%,,,
-196,-451,230%,,,
-105,-361,344%,,,
-67,-334,499%,,,
-6,-388,6467%,,,
14,-460,-3286%,,,
12,-370,-3083%,,,
-75,-433,577%,,,
-19,-451,2374%,,,
7,-487,-6957%,,,
-14,-379,2707%,,,
-23,-487,2117%,,,
-7,-370,5286%,,,
-107,-334,312%,,,
10,-433,-4330%,,,
-62,-451,727%,,,
-162,-433,267%,,,
-47,-370,787%,,,
-38,-334,879%,,,
-43,-478,1112%,,,
-27,-388,1437%,,,
-46,-343,746%,,,
-34,-397,1168%,,,
-72,-406,564%,,,
-26,-334,1285%,,,
-31,-406,1310%,,,
-121,-442,365%,,,
-14,-352,2514%,,,
-98,-379,387%,,,
-28,-388,1386%,,,
-20,-424,2120%,,,
6,-379,-6317%,,,
-40,-397,993%,,,
-18,-469,2606%,,,
-67,-343,512%,,,
-3,-388,12933%,,,
-13,-406,3123%,,,
-35,-379,1083%,,,
-41,-442,1078%,,,
-46,-433,941%,,,
-145,-370,255%,,,
-17,-388,2282%,,,
-11,-370,3364%,,,
-32,-442,1381%,,,
-5,-361,7220%,,,
-36,-451,1253%,,,
-104,-361,347%,,,
-15,-460,3067%,,,
-38,-424,1116%,,,
-9,-388,4311%,,,
-11,-406,3691%,,,
-19,-415,2184%,,,
-73,-478,655%,,,
-13,-397,3054%,,,
9,-370,-4111%,,,
-162,-102,63%,,,
2,-388,-19400%,,,
-153,-343,224%,,,
-8,-370,4625%,,,
-132,-532,403%,,,
8,-370,-4625%,,,
11,-334,-3036%,,,
-130,-424,326%,,,
12,-316,-2633%,,,
-38,-379,997%,,,
-134,-388,290%,,,
-17,-352,2071%,,,
-5,-397,7940%,,,
-49,-370,755%,,,
8,-388,-4850%,,,
-84,-406,483%,,,
-63,-316,502%,,,
5,-370,-7400%,,,
-21,-370,1762%,,,
-17,-397,2335%,,,
-32,-379,1184%,,,
8,-451,-5638%,,,
10,-415,-4150%,,,
-32,-505,1578%,,,
8,-361,-4513%,,,
11,-424,-3855%,,,
3,-451,-15033%,,,
-63,-397,630%,,,
-30,-460,1533%,,,
1,-361,-36100%,,,
5,-388,-7760%,,,
-62,-265,427%,,,
-33,-397,1203%,,,
-92,-379,412%,,,
-68,-469,690%,,,
-57,-469,823%,,,
-2,-415,20750%,,,
7,-397,-5671%,,,
-106,-388,366%,,,
-11,-307,2791%,,,
-41,-433,1056%,,,
-170,-343,202%,,,
-20,-361,1805%,,,
-4,-334,8350%,,,
2,-361,-18050%,,,
-16,-370,2313%,,,
-131,-352,269%,,,
12,-379,-3158%,,,
-14,-469,3350%,,,
-41,-370,902%,,,
-7,-424,6057%,,,
-36,-325,903%,,,
10,-469,-4690%,,,
-25,-361,1444%,,,
-110,-325,295%,,,
13,-406,-3123%,,,
13,-379,-2915%,,,
12,-370,-3083%,,,
-9,-343,3811%,,,
11,-361,-3282%,,,
15,-424,-2827%,,,
12,-433,-3608%,,,
-90,-379,421%,,,
-45,-406,902%,,,
3,-424,-14133%,,,
-156,-460,295%,,,
-82,-289,352%,,,
-9,-343,3811%,,,
-75,-370,493%,,,
-10,-370,3700%,,,
-125,-370,296%,,,
-55,-316,575%,,,
6,-352,-5867%,,,
-14,-334,2386%,,,
7,-415,-5929%,,,
-16,-343,2144%,,,
-4,-424,10600%,,,
-85,-370,435%,,,
-1,-415,41500%,,,
4,-361,-9025%,,,
10,-325,-3250%,,,
-54,-442,819%,,,
10,-469,-4690%,,,
-61,-379,621%,,,
-53,-379,715%,,,
-8,-469,5863%,,,
0,-388,#DIV/0!,,,
-61,-406,666%,,,
-24,-451,1879%,,,
0,-343,#DIV/0!,,,
-42,-433,1031%,,,
-29,-307,1059%,,,
10,-442,-4420%,,,
-7,-451,6443%,,,
-34,-379,1115%,,,
-30,-379,1263%,,,
-39,-406,1041%,,,
-3,-388,12933%,,,
-8,-397,4963%,,,
-15,-415,2767%,,,
-10,-487,4870%,,,
-35,-388,1109%,,,
-6,-424,7067%,,,
-15,-388,2587%,,,
-54,-334,619%,,,
12,-451,-3758%,,,
-24,-415,1729%,,,
-17,-334,1965%,,,
-9,-352,3911%,,,
3,-343,-11433%,,,
-39,-325,833%,,,
-1,-379,37900%,,,
4,-379,-9475%,,,
-42,-388,924%,,,
-16,-343,2144%,,,
-32,-334,1044%,,,
-16,-415,2594%,,,
-118,-370,314%,,,
11,-370,-3364%,,,
-12,-379,3158%,,,
-31,-397,1281%,,,
2,-325,-16250%,,,
-5,-424,8480%,,,
-7,-397,5671%,,,
9,-370,-4111%,,,
-97,-415,428%,,,
-38,-451,1187%,,,
-119,-406,341%,,,
-22,-433,1968%,,,
-112,-352,314%,,,
-129,-352,273%,,,
12,-397,-3308%,,,
-14,-424,3029%,,,
6,-370,-6167%,,,
9,-451,-5011%,,,
11,-379,-3445%,,,
11,-388,-3527%,,,
6,-496,-8267%,,,
-60,-312,520%,,,
14,-451,-3221%,,,
14,-397,-2836%,,,
-25,-325,1300%,,,
2,-370,-18500%,,,
-44,-406,923%,,,
-42,-388,924%,,,
-17,-397,2335%,,,
5,-424,-8480%,,,
10,-442,-4420%,,,
0,-388,#DIV/0!,,,
-51,-352,690%,,,
9,-451,-5011%,,,
-45,-469,1042%,,,
5,-370,-7400%,,,
-229,-343,150%,,,
0,-406,#DIV/0!,,,
-26,-460,1769%,,,
-10,-370,3700%,,,
-100,-406,406%,,,
4,-316,-7900%,,,
-123,-388,315%,,,
10,-406,-4060%,,,
-12,-379,3158%,,,
-10,-397,3970%,,,
-8,-451,5638%,,,
11,-379,-3445%,,,
-9,-415,4611%,,,
-23,-298,1296%,,,
-1,-316,31600%,,,
9,-388,-4311%,,,
-2,-433,21650%,,,
0,-343,#DIV/0!,,,
-119,-433,364%,,,
-78,-379,486%,,,
11,-361,-3282%,,,
15,-361,-2407%,,,
-25,-433,1732%,,,
-4,-496,12400%,,,
-17,-433,2547%,,,
-5,-415,8300%,,,
10,-433,-4330%,,,
-9,-388,4311%,,,
11,-424,-3855%,,,
-60,-379,632%,,,
-78,-478,613%,,,
8,-343,-4288%,,,
-84,-406,483%,,,
6,-415,-6917%,,,
-68,-469,690%,,,
4,-433,-10825%,,,
-12,-325,2708%,,,
-29,-406,1400%,,,
-24,-424,1767%,,,
-31,-370,1194%,,,
10,-343,-3430%,,,
-28,-451,1611%,,,
0,-388,#DIV/0!,,,
11,-442,-4018%,,,
12,-424,-3533%,,,
8,-433,-5413%,,,
11,-316,-2873%,,,
-8,-451,5638%,,,
-52,-478,919%,,,
-17,-451,2653%,,,
-20,-397,1985%,,,
2,-460,-23000%,,,
8,-451,-5638%,,,
-33,-415,1258%,,,
12,-370,-3083%,,,
2,-325,-16250%,,,
11,-361,-3282%,,,
-19,-325,1711%,,,
-140,-424,303%,,,
-101,-325,322%,,,
-24,-379,1579%,,,
-37,-343,927%,,,
3,-289,-9633%,,,
-29,-361,1245%,,,
1,-361,-36100%,,,
10,-487,-4870%,,,
-35,-379,1083%,,,
14,-397,-2836%,,,
11,-352,-3200%,,,
11,-343,-3118%,,,
-24,-352,1467%,,,
10,-424,-4240%,,,
10,-433,-4330%,,,
-15,-325,2167%,,,
-21,-352,1676%,,,
-7,-478,6829%,,,
11,-433,-3936%,,,
8,-397,-4963%,,,
-40,-415,1038%,,,
-19,-397,2089%,,,
-116,-388,334%,,,
0,-433,#DIV/0!,,,
-25,-478,1912%,,,
-34,-415,1221%,,,
-60,-370,617%,,,
2,-361,-18050%,,,
-13,-397,3054%,,,
8,-424,-5300%,,,
9,-298,-3311%,,,
10,-122,-1220%,,,
-50,-424,848%,,,
-29,-424,1462%,,,
9,-352,-3911%,,,
-21,-379,1805%,,,
7,-388,-5543%,,,
-19,-379,1995%,,,
4,-370,-9250%,,,
10,-433,-4330%,,,
-45,-442,982%,,,
-17,-388,2282%,,,
-82,-397,484%,,,
-66,-343,520%,,,
-41,-415,1012%,,,
-36,-352,978%,,,
-3,-334,11133%,,,
-25,-352,1408%,,,
11,-334,-3036%,,,
-4,-415,10375%,,,
8,-325,-4063%,,,
0,-406,#DIV/0!,,,
7,-406,-5800%,,,
9,-469,-5211%,,,
-12,-370,3083%,,,
-8,-478,5975%,,,
12,-424,-3533%,,,
5,-379,-7580%,,,
1,-451,-45100%,,,
-6,-451,7517%,,,
2,-361,-18050%,,,
-47,-370,787%,,,
11,-433,-3936%,,,
-31,-433,1397%,,,
10,-415,-4150%,,,
11,-388,-3527%,,,
-1,-406,40600%,,,
-92,-424,461%,,,
-17,-379,2229%,,,
9,-370,-4111%,,,
7,-451,-6443%,,,
-7,-370,5286%,,,
12,-424,-3533%,,,
-9,-370,4111%,,,
5,-352,-7040%,,,
5,-370,-7400%,,,
-48,-424,883%,,,
-13,-325,2500%,,,
-118,-343,291%,,,
-17,-379,2229%,,,
6,-370,-6167%,,,
-34,-442,1300%,,,
-66,-388,588%,,,
11,-379,-3445%,,,
7,-334,-4771%,,,
1,-433,-43300%,,,
10,-442,-4420%,,,
10,-406,-4060%,,,
-77,-361,469%,,,
10,-415,-4150%,,,
9,-352,-3911%,,,
2,-379,-18950%,,,
2,-424,-21200%,,,
10,-406,-4060%,,,
9,-415,-4611%,,,
15,-379,-2527%,,,
-15,-325,2167%,,,
-8,-343,4288%,,,
-30,-325,1083%,,,
14,-379,-2707%,,,
-68,-343,504%,,,
10,-397,-3970%,,,
7,-397,-5671%,,,
-4,-397,9925%,,,
-12,-406,3383%,,,
8,-397,-4963%,,,
-1,-424,42400%,,,
-17,-469,2759%,,,
8,-406,-5075%,,,
-60,-370,617%,,,
-1,-469,46900%,,,
7,-442,-6314%,,,
-64,-379,592%,,,
-27,-370,1370%,,,
8,-379,-4738%,,,
8,-415,-5188%,,,
-19,-397,2089%,,,
-13,-406,3123%,,,
-56,-388,693%,,,
-37,-415,1122%,,,
-11,-325,2955%,,,
-4,-406,10150%,,,
-8,-361,4513%,,,
6,-370,-6167%,,,
-6,-370,6167%,,,
8,-352,-4400%,,,
-9,-433,4811%,,,
-28,-406,1450%,,,
11,-388,-3527%,,,
10,-379,-3790%,,,
12,-442,-3683%,,,
-63,-388,616%,,,
9,-451,-5011%,,,
-151,-424,281%,,,
2,-316,-15800%,,,
-5,-370,7400%,,,
8,-415,-5188%,,,
-50,-343,686%,,,
5,-343,-6860%,,,
-68,-379,557%,,,
-9,-397,4411%,,,
11,-433,-3936%,,,
-20,-406,2030%,,,
-98,-370,378%,,,
11,-451,-4100%,,,
6,-388,-6467%,,,
-14,-352,2514%,,,
-23,-352,1530%,,,
-5,-150,3000%,,,
12,-352,-2933%,,,
8,-325,-4063%,,,
-11,-406,3691%,,,
-13,-415,3192%,,,
-11,-352,3200%,,,
4,-460,-11500%,,,
1,-415,-41500%,,,
-50,-204,408%,,,
-8,-451,5638%,,,
11,-370,-3364%,,,
-21,-352,1676%,,,
-57,-388,681%,,,
3,-433,-14433%,,,
12,-379,-3158%,,,
-13,-352,2708%,,,
10,-406,-4060%,,,
6,-397,-6617%,,,
-144,-415,288%,,,
-9,-442,4911%,,,
4,-406,-10150%,,,
0,-424,#DIV/0!,,,
2,-370,-18500%,,,
-22,-397,1805%,,,
-15,-433,2887%,,,
-17,-433,2547%,,,
-39,-325,833%,,,
-14,-157,1121%,,,
9,-379,-4211%,,,
9,-334,-3711%,,,
7,-352,-5029%,,,
8,-406,-5075%,,,
-4,-325,8125%,,,
-14,-397,2836%,,,
-8,-406,5075%,,,
12,-388,-3233%,,,
8,-469,-5863%,,,
-58,-397,684%,,,
-15,-469,3127%,,,
9,-343,-3811%,,,
10,-379,-3790%,,,
7,-415,-5929%,,,
-110,-397,361%,,,
-47,-397,845%,,,
4,-424,-10600%,,,
9,-424,-4711%,,,
-43,-469,1091%,,,
9,-424,-4711%,,,
12,-397,-3308%,,,
9,-343,-3811%,,,
-5,-433,8660%,,,
10,-361,-3610%,,,
-30,-370,1233%,,,
-42,-370,881%,,,
-114,-370,325%,,,
-35,-343,980%,,,
3,-406,-13533%,,,
10,-406,-4060%,,,
9,-433,-4811%,,,
-6,-334,5567%,,,
-4,-433,10825%,,,
10,-406,-4060%,,,
-22,-325,1477%,,,
-9,-379,4211%,,,
13,-343,-2638%,,,
-17,-460,2706%,,,
8,-433,-5413%,,,
9,-361,-4011%,,,
-9,-334,3711%,,,
-58,-424,731%,,,
-143,-442,309%,,,
9,-433,-4811%,,,
-143,-424,297%,,,
-21,-406,1933%,,,
2,-334,-16700%,,,
-22,-352,1600%,,,
-24,-442,1842%,,,
6,-343,-5717%,,,
8,-424,-5300%,,,
-14,-298,2129%,,,
8,-370,-4625%,,,
13,-379,-2915%,,,
-1,-397,39700%,,,
3,-379,-12633%,,,
5,-352,-7040%,,,
-2,-316,15800%,,,
4,-397,-9925%,,,
-50,-442,884%,,,
-36,-397,1103%,,,
-2,-397,19850%,,,
4,-72,-1800%,,,
-32,-361,1128%,,,
6,-96,-1600%,,,
12,-415,-3458%,,,
13,-343,-2638%,,,
-84,-397,473%,,,
-21,-379,1805%,,,
9,-406,-4511%,,,
-5,-370,7400%,,,
9,-460,-5111%,,,
10,-487,-4870%,,,
8,-415,-5188%,,,
-42,-451,1074%,,,
4,-388,-9700%,,,
14,-451,-3221%,,,
8,-361,-4513%,,,
4,-298,-7450%,,,
-4,-370,9250%,,,
5,-514,-10280%,,,
11,-424,-3855%,,,
-14,-451,3221%,,,
-24,-379,1579%,,,
11,-370,-3364%,,,
-58,-388,669%,,,
-24,-388,1617%,,,
2,-415,-20750%,,,
1,-397,-39700%,,,
14,-325,-2321%,,,
14,-352,-2514%,,,
9,-388,-4311%,,,
10,-406,-4060%,,,
3,-388,-12933%,,,
-6,-379,6317%,,,
15,-433,-2887%,,,
8,-451,-5638%,,,
-3,-343,11433%,,,
2,-406,-20300%,,,
-5,-379,7580%,,,
-26,-388,1492%,,,
3,-379,-12633%,,,
5,-406,-8120%,,,
-37,-325,878%,,,
-153,-361,236%,,,
8,-352,-4400%,,,
10,-460,-4600%,,,
2,-325,-16250%,,,
-60,-370,617%,,,
14,-415,-2964%,,,
-17,-343,2018%,,,
-47,-451,960%,,,
6,-397,-6617%,,,
11,-442,-4018%,,,
-17,-397,2335%,,,
-37,-424,1146%,,,
-26,-442,1700%,,,
11,-370,-3364%,,,
-9,-406,4511%,,,
0,-433,#DIV/0!,,,
6,-415,-6917%,,,
-17,-388,2282%,,,
8,-388,-4850%,,,
-12,-424,3533%,,,
9,-370,-4111%,,,
7,-406,-5800%,,,
6,-334,-5567%,,,
10,-334,-3340%,,,
-72,-424,589%,,,
6,-433,-7217%,,,
10,-167,-1670%,,,
-3,-388,12933%,,,
5,-433,-8660%,,,
4,-379,-9475%,,,
-16,-424,2650%,,,
-22,-424,1927%,,,
8,-433,-5413%,,,
6,-289,-4817%,,,
-31,-379,1223%,,,
0,-433,#DIV/0!,,,
-38,-316,832%,,,
-10,-316,3160%,,,
-10,-370,3700%,,,
1,-379,-37900%,,,
-2,-334,16700%,,,
9,-325,-3611%,,,
9,-442,-4911%,,,
8,-442,-5525%,,,
7,-397,-5671%,,,
9,-388,-4311%,,,
2,-424,-21200%,,,
5,-379,-7580%,,,
-106,-406,383%,,,
13,-177,-1362%,,,
-17,-388,2282%,,,
6,-361,-6017%,,,
11,-397,-3609%,,,
4,-361,-9025%,,,
7,-415,-5929%,,,
3,-415,-13833%,,,
7,-379,-5414%,,,
7,-460,-6571%,,,
8,-433,-5413%,,,
9,-352,-3911%,,,
8,-415,-5188%,,,
7,-325,-4643%,,,
-5,-343,6860%,,,
10,-442,-4420%,,,
11,-343,-3118%,,,
11,-424,-3855%,,,
9,-379,-4211%,,,
-12,-352,2933%,,,
-12,-388,3233%,,,
3,-397,-13233%,,,
8,-312,-3900%,,,
2,-406,-20300%,,,
13,-415,-3192%,,,
10,-370,-3700%,,,
-2,-379,18950%,,,
-33,-370,1121%,,,
10,-469,-4690%,,,
1,-460,-46000%,,,
-48,-442,921%,,,
-19,-352,1853%,,,
-3,-388,12933%,,,
0,-424,#DIV/0!,,,
8,-388,-4850%,,,
4,-361,-9025%,,,
-57,-478,839%,,,
1,-370,-37000%,,,
1,-433,-43300%,,,
10,-424,-4240%,,,
7,-15,-214%,,,
12,-379,-3158%,,,
-18,-406,2256%,,,
-61,-298,489%,,,
-29,-352,1214%,,,
-87,-460,529%,,,
11,-388,-3527%,,,
9,-352,-3911%,,,
8,-406,-5075%,,,
6,-352,-5867%,,,
11,-406,-3691%,,,
-12,-379,3158%,,,
5,-487,-9740%,,,
-3,-379,12633%,,,
8,-397,-4963%,,,
8,-388,-4850%,,,
7,-370,-5286%,,,
-40,-397,993%,,,
5,-379,-7580%,,,
-1,-415,41500%,,,
-1,-388,38800%,,,
-4,-433,10825%,,,
6,-415,-6917%,,,
10,-397,-3970%,,,
10,-352,-3520%,,,
-11,-397,3609%,,,
10,-325,-3250%,,,
8,-361,-4513%,,,
10,-442,-4420%,,,
11,-424,-3855%,,,
8,-352,-4400%,,,
-32,-388,1213%,,,
-11,-397,3609%,,,
-3,-370,12333%,,,
5,-370,-7400%,,,
-40,-361,903%,,,
-12,-325,2708%,,,
8,-406,-5075%,,,
-40,-424,1060%,,,
0,-388,#DIV/0!,,,
-22,-334,1518%,,,
15,-397,-2647%,,,
10,-280,-2800%,,,
-54,-415,769%,,,
-29,-352,1214%,,,
-13,-352,2708%,,,
10,-388,-3880%,,,
9,-397,-4411%,,,
-7,-316,4514%,,,
9,-433,-4811%,,,
-38,-352,926%,,,
-10,-442,4420%,,,
3,-307,-10233%,,,
4,-406,-10150%,,,
10,-361,-3610%,,,
8,-397,-4963%,,,
10,-352,-3520%,,,
9,-316,-3511%,,,
9,-442,-4911%,,,
1,-397,-39700%,,,
-73,-379,519%,,,
-3,-442,14733%,,,
14,-388,-2771%,,,
-8,-397,4963%,,,
5,-343,-6860%,,,
7,-379,-5414%,,,
8,-388,-4850%,,,
-20,-334,1670%,,,
9,-370,-4111%,,,
-1,-442,44200%,,,
6,-388,-6467%,,,
-20,-415,2075%,,,
4,-379,-9475%,,,
1,-388,-38800%,,,
4,-415,-10375%,,,
9,-406,-4511%,,,
-11,-379,3445%,,,
-4,-415,10375%,,,
4,-415,-10375%,,,
9,-307,-3411%,,,
-20,-469,2345%,,,
5,-451,-9020%,,,
3,-271,-9033%,,,
8,-361,-4513%,,,
-42,-433,1031%,,,
1,-379,-37900%,,,
-65,-388,597%,,,
-13,-397,3054%,,,
11,-388,-3527%,,,
-25,-442,1768%,,,
9,-388,-4311%,,,
5,-388,-7760%,,,
-1,-343,34300%,,,
2,-334,-16700%,,,
4,-388,-9700%,,,
1,-361,-36100%,,,
11,-442,-4018%,,,
5,-397,-7940%,,,
4,-307,-7675%,,,
13,-343,-2638%,,,
-21,-361,1719%,,,
2,-424,-21200%,,,
10,-388,-3880%,,,
4,-325,-8125%,,,
-24,-460,1917%,,,
-2,-460,23000%,,,
0,-379,#DIV/0!,,,
-1,-433,43300%,,,
12,-388,-3233%,,,
7,-388,-5543%,,,
-28,-442,1579%,,,
-5,-406,8120%,,,
11,-370,-3364%,,,
4,-415,-10375%,,,
9,-406,-4511%,,,
-12,-433,3608%,,,
-3,-451,15033%,,,
11,-343,-3118%,,,
13,-370,-2846%,,,
-12,-397,3308%,,,
8,-379,-4738%,,,
6,-478,-7967%,,,
1,-424,-42400%,,,
15,-388,-2587%,,,
10,-442,-4420%,,,
9,-370,-4111%,,,
-6,-379,6317%,,,
2,-298,-14900%,,,
12,-406,-3383%,,,
-52,-424,815%,,,
10,-334,-3340%,,,
6,-433,-7217%,,,
3,-352,-11733%,,,
-47,-325,691%,,,
5,-334,-6680%,,,
11,-370,-3364%,,,
10,-424,-4240%,,,
10,-397,-3970%,,,
0,-523,#DIV/0!,,,
-5,-289,5780%,,,
-20,-460,2300%,,,
1,-415,-41500%,,,
-18,-280,1556%,,,
-24,-397,1654%,,,
10,-406,-4060%,,,
-15,-451,3007%,,,
10,-460,-4600%,,,
-19,-406,2137%,,,
8,-370,-4625%,,,
11,-442,-4018%,,,
6,-379,-6317%,,,
5,-442,-8840%,,,
4,-397,-9925%,,,
10,-361,-3610%,,,
-21,-442,2105%,,,
-27,-352,1304%,,,
1,-451,-45100%,,,
-47,-388,826%,,,
7,-469,-6700%,,,
-29,-406,1400%,,,
1,-406,-40600%,,,
6,-352,-5867%,,,
11,-397,-3609%,,,
5,-370,-7400%,,,
11,-469,-4264%,,,
12,-514,-4283%,,,
7,-415,-5929%,,,
8,-325,-4063%,,,
7,-388,-5543%,,,
10,-433,-4330%,,,
-27,-433,1604%,,,
-37,-460,1243%,,,
3,-379,-12633%,,,
4,-316,-7900%,,,
9,-415,-4611%,,,
-10,-388,3880%,,,
8,-415,-5188%,,,
-29,-487,1679%,,,
6,-379,-6317%,,,
-4,-370,9250%,,,
4,-352,-8800%,,,
7,-397,-5671%,,,
9,-370,-4111%,,,
10,-460,-4600%,,,
-2,-406,20300%,,,
10,-451,-4510%,,,
-19,-343,1805%,,,
6,-424,-7067%,,,
8,-388,-4850%,,,
-38,-451,1187%,,,
8,-451,-5638%,,,
-2,-442,22100%,,,
-13,-433,3331%,,,
-1,-433,43300%,,,
5,-379,-7580%,,,
5,-388,-7760%,,,
-7,-352,5029%,,,
11,-478,-4345%,,,
10,-370,-3700%,,,
6,-397,-6617%,,,
9,-343,-3811%,,,
1,-442,-44200%,,,
-16,-262,1638%,,,
-3,-343,11433%,,,
-5,-442,8840%,,,
14,-388,-2771%,,,
-46,-451,980%,,,
8,-406,-5075%,,,
-18,-379,2106%,,,
10,-433,-4330%,,,
-58,-352,607%,,,
-101,-460,455%,,,
6,-424,-7067%,,,
9,-433,-4811%,,,
1,-325,-32500%,,,
-2,-397,19850%,,,
11,-370,-3364%,,,
-9,-433,4811%,,,
-17,-415,2441%,,,
8,-379,-4738%,,,
11,-460,-4182%,,,
10,-469,-4690%,,,
-7,-397,5671%,,,
8,-361,-4513%,,,
-61,-406,666%,,,
14,-334,-2386%,,,
-60,-397,662%,,,
7,-352,-5029%,,,
-20,-442,2210%,,,
8,-361,-4513%,,,
-35,-397,1134%,,,
5,-316,-6320%,,,
-4,-388,9700%,,,
11,-370,-3364%,,,
-22,-478,2173%,,,
-68,-361,531%,,,
1,-361,-36100%,,,
9,-460,-5111%,,,
-10,-406,4060%,,,
9,-451,-5011%,,,
-10,-460,4600%,,,
-34,-424,1247%,,,
6,-388,-6467%,,,
14,-415,-2964%,,,
2,-343,-17150%,,,
14,-397,-2836%,,,
1,-361,-36100%,,,
7,-370,-5286%,,,
-10,-406,4060%,,,
8,-352,-4400%,,,
-15,-424,2827%,,,
1,-406,-40600%,,,
2,-397,-19850%,,,
13,-424,-3262%,,,
11,-343,-3118%,,,
12,-424,-3533%,,,
8,-361,-4513%,,,
11,-424,-3855%,,,
-21,-406,1933%,,,
14,-433,-3093%,,,
9,-397,-4411%,,,
5,-478,-9560%,,,
7,-379,-5414%,,,
12,-379,-3158%,,,
5,-379,-7580%,,,
-4,-352,8800%,,,
5,-334,-6680%,,,
-33,-442,1339%,,,
-3,-406,13533%,,,
10,-406,-4060%,,,
5,-433,-8660%,,,
3,-379,-12633%,,,
-15,-433,2887%,,,
-6,-361,6017%,,,
11,-370,-3364%,,,
1,-415,-41500%,,,
7,-406,-5800%,,,
9,-442,-4911%,,,
-15,-433,2887%,,,
14,-406,-2900%,,,
-34,-433,1274%,,,
6,-379,-6317%,,,
-15,-388,2587%,,,
6,-388,-6467%,,,
-9,-334,3711%,,,
14,-334,-2386%,,,
5,-379,-7580%,,,
10,-442,-4420%,,,
8,-442,-5525%,,,
8,-388,-4850%,,,
-24,-424,1767%,,,
-14,-343,2450%,,,
-4,-388,9700%,,,
9,-352,-3911%,,,
6,-203,-3383%,,,
8,-406,-5075%,,,
-9,-406,4511%,,,
5,-442,-8840%,,,
-7,-361,5157%,,,
-3,-370,12333%,,,
-6,-451,7517%,,,
8,-424,-5300%,,,
-20,-361,1805%,,,
8,-343,-4288%,,,
-11,-361,3282%,,,
9,-379,-4211%,,,
12,-352,-2933%,,,
2,-442,-22100%,,,
12,-424,-3533%,,,
-6,-334,5567%,,,
-9,-279,3100%,,,
12,-460,-3833%,,,
3,-361,-12033%,,,
6,-397,-6617%,,,
10,-397,-3970%,,,
-9,-334,3711%,,,
10,-406,-4060%,,,
5,-334,-6680%,,,
-3,-307,10233%,,,
9,-397,-4411%,,,
-12,-406,3383%,,,
3,-415,-13833%,,,
12,-433,-3608%,,,
11,-478,-4345%,,,
-2,-334,16700%,,,
13,-460,-3538%,,,
-16,-397,2481%,,,
4,-415,-10375%,,,
-11,-361,3282%,,,
8,-460,-5750%,,,
11,-388,-3527%,,,
11,-415,-3773%,,,
-13,-307,2362%,,,
15,-424,-2827%,,,
-1,-415,41500%,,,
14,-424,-3029%,,,
6,-397,-6617%,,,
2,-424,-21200%,,,
12,-379,-3158%,,,
9,-415,-4611%,,,
-19,-361,1900%,,,
-27,-352,1304%,,,
4,-397,-9925%,,,
6,-379,-6317%,,,
6,-415,-6917%,,,
12,-442,-3683%,,,
5,-379,-7580%,,,
6,-433,-7217%,,,
1,-361,-36100%,,,
9,-379,-4211%,,,
8,-334,-4175%,,,
8,-415,-5188%,,,
8,-379,-4738%,,,
8,-397,-4963%,,,
-12,-289,2408%,,,
-1,-406,40600%,,,
-33,-433,1312%,,,
8,-361,-4513%,,,
12,-415,-3458%,,,
5,-352,-7040%,,,
9,-397,-4411%,,,
8,-361,-4513%,,,
8,-397,-4963%,,,
-18,-406,2256%,,,
3,-352,-11733%,,,
12,-415,-3458%,,,
-15,-379,2527%,,,
10,-226,-2260%,,,
10,-370,-3700%,,,
12,-415,-3458%,,,
14,-361,-2579%,,,
12,-397,-3308%,,,
14,-433,-3093%,,,
12,-370,-3083%,,,
7,-334,-4771%,,,
-57,-397,696%,,,
8,-406,-5075%,,,
14,-343,-2450%,,,
10,-352,-3520%,,,
2,-424,-21200%,,,
-5,-424,8480%,,,
12,-289,-2408%,,,
7,-316,-4514%,,,
9,-424,-4711%,,,
5,-352,-7040%,,,
2,-397,-19850%,,,
1,-361,-36100%,,,
11,-388,-3527%,,,
12,-325,-2708%,,,
4,-334,-8350%,,,
8,-388,-4850%,,,
7,-352,-5029%,,,
11,-388,-3527%,,,
-1,-424,42400%,,,
-2,-361,18050%,,,
4,-343,-8575%,,,
9,-352,-3911%,,,
1,-415,-41500%,,,
2,-352,-17600%,,,
7,-379,-5414%,,,
4,-433,-10825%,,,
4,-334,-8350%,,,
4,-379,-9475%,,,
-20,-469,2345%,,,
4,-415,-10375%,,,
3,-397,-13233%,,,
9,-334,-3711%,,,
5,-442,-8840%,,,
-17,-325,1912%,,,
-18,-415,2306%,,,
8,-370,-4625%,,,
6,-442,-7367%,,,
-5,-433,8660%,,,
-4,-361,9025%,,,
-16,-424,2650%,,,
15,-352,-2347%,,,
12,-370,-3083%,,,
9,-442,-4911%,,,
-20,-469,2345%,,,
-2,-388,19400%,,,
7,-433,-6186%,,,
-10,-406,4060%,,,
14,-397,-2836%,,,
-5,-397,7940%,,,
-11,-388,3527%,,,
8,-433,-5413%,,,
2,-334,-16700%,,,
9,-388,-4311%,,,
11,-352,-3200%,,,
2,-325,-16250%,,,
14,-361,-2579%,,,
12,-334,-2783%,,,
3,-406,-13533%,,,
6,-460,-7667%,,,
8,-406,-5075%,,,
10,-451,-4510%,,,
6,-424,-7067%,,,
-33,-442,1339%,,,
3,-316,-10533%,,,
13,-433,-3331%,,,
-13,-505,3885%,,,
13,-388,-2985%,,,
10,-442,-4420%,,,
9,-397,-4411%,,,
-4,-343,8575%,,,
-11,-397,3609%,,,
3,-433,-14433%,,,
9,-361,-4011%,,,
4,-352,-8800%,,,
10,-415,-4150%,,,
2,-370,-18500%,,,
8,-379,-4738%,,,
3,-379,-12633%,,,
7,-442,-6314%,,,
3,-451,-15033%,,,
-4,-388,9700%,,,
4,-433,-10825%,,,
8,-433,-5413%,,,
-2,-343,17150%,,,
10,-379,-3790%,,,
6,-370,-6167%,,,
11,-406,-3691%,,,
-1,-370,37000%,,,
3,-343,-11433%,,,
3,-343,-11433%,,,
12,-397,-3308%,,,
1,-361,-36100%,,,
6,-307,-5117%,,,
7,-379,-5414%,,,
9,-424,-4711%,,,
15,-352,-2347%,,,
15,-388,-2587%,,,
8,-352,-4400%,,,
6,-415,-6917%,,,
-19,-334,1758%,,,
13,-352,-2708%,,,
-34,-433,1274%,,,
-10,-334,3340%,,,
7,-442,-6314%,,,
4,-397,-9925%,,,
-12,-379,3158%,,,
11,-406,-3691%,,,
1,-451,-45100%,,,
9,-433,-4811%,,,
14,-370,-2643%,,,
12,-325,-2708%,,,
-11,-442,4018%,,,
6,-370,-6167%,,,
6,-397,-6617%,,,
1,-433,-43300%,,,
13,-433,-3331%,,,
5,-361,-7220%,,,
9,-370,-4111%,,,
-3,-433,14433%,,,
9,-388,-4311%,,,
7,-298,-4257%,,,
14,-352,-2514%,,,
7,-406,-5800%,,,
-3,-370,12333%,,,
7,-415,-5929%,,,
4,-325,-8125%,,,
-2,-334,16700%,,,
8,-343,-4288%,,,
5,-460,-9200%,,,
6,-379,-6317%,,,
11,-424,-3855%,,,
4,-352,-8800%,,,
11,-352,-3200%,,,
8,-343,-4288%,,,
11,-379,-3445%,,,
9,-415,-4611%,,,
8,-415,-5188%,,,
-1,-379,37900%,,,
9,-379,-4211%,,,
3,-397,-13233%,,,
13,-361,-2777%,,,
1,-370,-37000%,,,
5,-352,-7040%,,,
10,-433,-4330%,,,
12,-460,-3833%,,,
8,-442,-5525%,,,
-10,-64,640%,,,
8,-397,-4963%,,,
4,-388,-9700%,,,
14,-460,-3286%,,,
9,-424,-4711%,,,
7,-334,-4771%,,,
7,-361,-5157%,,,
13,-397,-3054%,,,
8,-406,-5075%,,,
-4,-415,10375%,,,
9,-280,-3111%,,,
-6,-334,5567%,,,
3,-379,-12633%,,,
-2,-325,16250%,,,
-16,-478,2988%,,,
7,-388,-5543%,,,
8,-343,-4288%,,,
5,-361,-7220%,,,
-15,-343,2287%,,,
4,-388,-9700%,,,
9,-316,-3511%,,,
6,-388,-6467%,,,
2,-334,-16700%,,,
-7,-433,6186%,,,
9,-397,-4411%,,,
-7,-460,6571%,,,
8,-388,-4850%,,,
11,-388,-3527%,,,
1,-343,-34300%,,,
10,-379,-3790%,,,
12,-397,-3308%,,,
8,-478,-5975%,,,
10,-325,-3250%,,,
9,-397,-4411%,,,
8,-361,-4513%,,,
5,-451,-9020%,,,
9,-370,-4111%,,,
8,-424,-5300%,,,
6,-415,-6917%,,,
8,-370,-4625%,,,
7,-424,-6057%,,,
3,-379,-12633%,,,
-31,-424,1368%,,,
6,-343,-5717%,,,
-3,-478,15933%,,,
10,-442,-4420%,,,
3,-460,-15333%,,,
5,-406,-8120%,,,
14,-424,-3029%,,,
2,-424,-21200%,,,
14,-352,-2514%,,,
5,-451,-9020%,,,
8,-415,-5188%,,,
10,-406,-4060%,,,
-14,-361,2579%,,,
10,-379,-3790%,,,
9,-406,-4511%,,,
1,-334,-33400%,,,
7,-478,-6829%,,,
8,-179,-2238%,,,
6,-442,-7367%,,,
0,-415,#DIV/0!,,,
4,-334,-8350%,,,
11,-415,-3773%,,,
4,-352,-8800%,,,
6,-307,-5117%,,,
6,-388,-6467%,,,
7,-460,-6571%,,,
-4,-352,8800%,,,
8,-325,-4063%,,,
-2,-442,22100%,,,
4,-388,-9700%,,,
6,-370,-6167%,,,
12,-478,-3983%,,,
11,-370,-3364%,,,
9,-361,-4011%,,,
10,-451,-4510%,,,
7,-424,-6057%,,,
4,-370,-9250%,,,
8,-433,-5413%,,,
6,-514,-8567%,,,
11,-442,-4018%,,,
-8,-397,4963%,,,
8,-343,-4288%,,,
0,-388,#DIV/0!,,,
9,-370,-4111%,,,
2,-361,-18050%,,,
6,-352,-5867%,,,
6,-424,-7067%,,,
11,-424,-3855%,,,
-7,-433,6186%,,,
6,-415,-6917%,,,
1,-469,-46900%,,,
9,-415,-4611%,,,
8,-406,-5075%,,,
-6,-361,6017%,,,
-3,-442,14733%,,,
7,-415,-5929%,,,
3,-442,-14733%,,,
5,-433,-8660%,,,
-39,-352,903%,,,
11,-415,-3773%,,,
6,-370,-6167%,,,
5,-334,-6680%,,,
-9,-361,4011%,,,
6,-415,-6917%,,,
4,-415,-10375%,,,
1,-415,-41500%,,,
6,-379,-6317%,,,
14,-406,-2900%,,,
8,-388,-4850%,,,
6,-307,-5117%,,,
-4,-397,9925%,,,
10,-379,-3790%,,,
7,-415,-5929%,,,
6,-361,-6017%,,,
6,-406,-6767%,,,
1,-424,-42400%,,,
6,-424,-7067%,,,
6,-370,-6167%,,,
8,-424,-5300%,,,
-3,-352,11733%,,,
-1,-388,38800%,,,
4,-424,-10600%,,,
-4,-307,7675%,,,
0,-397,#DIV/0!,,,
-6,-334,5567%,,,
10,-271,-2710%,,,
2,-415,-20750%,,,
15,-334,-2227%,,,
8,-361,-4513%,,,
9,-397,-4411%,,,
8,-442,-5525%,,,
4,-451,-11275%,,,
8,-397,-4963%,,,
11,-388,-3527%,,,
5,-406,-8120%,,,
-7,-505,7214%,,,
9,-415,-4611%,,,
11,-424,-3855%,,,
-11,-433,3936%,,,
-14,-424,3029%,,,
11,-397,-3609%,,,
10,-388,-3880%,,,
14,-406,-2900%,,,
6,-415,-6917%,,,
7,-325,-4643%,,,
-6,-343,5717%,,,
6,-379,-6317%,,,
8,-289,-3613%,,,
10,-451,-4510%,,,
3,-424,-14133%,,,
-1,-415,41500%,,,
12,-415,-3458%,,,
9,-388,-4311%,,,
-6,-397,6617%,,,
9,-397,-4411%,,,
2,-415,-20750%,,,
7,-442,-6314%,,,
8,-406,-5075%,,,
11,-334,-3036%,,,
10,-442,-4420%,,,
9,-451,-5011%,,,
14,-451,-3221%,,,
0,-442,#DIV/0!,,,
6,-352,-5867%,,,
6,-406,-6767%,,,
7,-343,-4900%,,,
-16,-415,2594%,,,
-18,-397,2206%,,,
-2,-406,20300%,,,
7,-406,-5800%,,,
3,-415,-13833%,,,
0,-352,#DIV/0!,,,
12,-271,-2258%,,,
6,-370,-6167%,,,
4,-379,-9475%,,,
9,-442,-4911%,,,
11,-460,-4182%,,,
3,-388,-12933%,,,
7,-397,-5671%,,,
5,-433,-8660%,,,
8,-487,-6088%,,,
3,-397,-13233%,,,
11,-361,-3282%,,,
12,-433,-3608%,,,
11,-415,-3773%,,,
-22,-361,1641%,,,
8,-388,-4850%,,,
9,-397,-4411%,,,
2,-424,-21200%,,,
-5,-325,6500%,,,
3,-334,-11133%,,,
9,-388,-4311%,,,
6,-388,-6467%,,,
8,-415,-5188%,,,
5,-415,-8300%,,,
8,-406,-5075%,,,
10,-442,-4420%,,,
2,-442,-22100%,,,
-15,-397,2647%,,,
7,-370,-5286%,,,
10,-433,-4330%,,,
11,-433,-3936%,,,
11,-442,-4018%,,,
11,-415,-3773%,,,
8,-388,-4850%,,,
8,-352,-4400%,,,
8,-442,-5525%,,,
4,-352,-8800%,,,
8,-298,-3725%,,,
7,-370,-5286%,,,
11,-388,-3527%,,,
7,-406,-5800%,,,
9,-388,-4311%,,,
4,-379,-9475%,,,
4,-424,-10600%,,,
-4,-433,10825%,,,
6,-424,-7067%,,,
1,-460,-46000%,,,
7,-334,-4771%,,,
7,-290,-4143%,,,
9,-388,-4311%,,,
5,-451,-9020%,,,
11,-370,-3364%,,,
-4,-442,11050%,,,
0,-352,#DIV/0!,,,
11,-361,-3282%,,,
12,-406,-3383%,,,
7,-487,-6957%,,,
10,-424,-4240%,,,
-16,-415,2594%,,,
6,-388,-6467%,,,
6,-370,-6167%,,,
10,-415,-4150%,,,
9,-325,-3611%,,,
10,-442,-4420%,,,
6,-352,-5867%,,,
8,-316,-3950%,,,
9,-406,-4511%,,,
4,-379,-9475%,,,
6,-442,-7367%,,,
12,-334,-2783%,,,
9,-352,-3911%,,,
6,-325,-5417%,,,
-20,-424,2120%,,,
11,-406,-3691%,,,
0,-262,#DIV/0!,,,
6,-406,-6767%,,,
8,-352,-4400%,,,
4,-388,-9700%,,,
8,-370,-4625%,,,
2,-361,-18050%,,,
4,-379,-9475%,,,
8,-334,-4175%,,,
10,-433,-4330%,,,
8,-334,-4175%,,,
8,-361,-4513%,,,
6,-415,-6917%,,,
7,-352,-5029%,,,
9,-379,-4211%,,,
9,-397,-4411%,,,
11,-361,-3282%,,,
8,-433,-5413%,,,
9,-370,-4111%,,,
-2,-433,21650%,,,
8,-397,-4963%,,,
4,-379,-9475%,,,
7,-379,-5414%,,,
8,-406,-5075%,,,
2,-397,-19850%,,,
8,-334,-4175%,,,
10,-415,-4150%,,,
7,-325,-4643%,,,
-3,-442,14733%,,,
5,-370,-7400%,,,
2,-379,-18950%,,,
5,-352,-7040%,,,
-2,-343,17150%,,,
10,-334,-3340%,,,
5,-451,-9020%,,,
1,-388,-38800%,,,
12,-343,-2858%,,,
8,-424,-5300%,,,
-10,-433,4330%,,,
9,-361,-4011%,,,
10,-415,-4150%,,,
7,-433,-6186%,,,
8,-433,-5413%,,,
7,-343,-4900%,,,
6,-370,-6167%,,,
6,-370,-6167%,,,
4,-328,-8200%,,,
10,-388,-3880%,,,
11,-442,-4018%,,,
13,-460,-3538%,,,
11,-397,-3609%,,,
8,-433,-5413%,,,
-15,-397,2647%,,,
8,-442,-5525%,,,
11,-352,-3200%,,,
5,-415,-8300%,,,
-2,-442,22100%,,,
11,-334,-3036%,,,
7,-352,-5029%,,,
13,-352,-2708%,,,
6,-415,-6917%,,,
6,-379,-6317%,,,
11,-433,-3936%,,,
2,-379,-18950%,,,
11,-370,-3364%,,,
7,-379,-5414%,,,
4,-352,-8800%,,,
7,-242,-3457%,,,
4,-424,-10600%,,,
0,-415,#DIV/0!,,,
4,-406,-10150%,,,
7,-388,-5543%,,,
9,-325,-3611%,,,
-10,-406,4060%,,,
-11,-424,3855%,,,
8,-415,-5188%,,,
8,-451,-5638%,,,
8,-379,-4738%,,,
10,-334,-3340%,,,
9,-388,-4311%,,,
8,-388,-4850%,,,
2,-487,-24350%,,,
1,-370,-37000%,,,
6,-379,-6317%,,,
9,-388,-4311%,,,
13,-424,-3262%,,,
8,-379,-4738%,,,
5,-406,-8120%,,,
7,-451,-6443%,,,
8,-424,-5300%,,,
6,-424,-7067%,,,
7,-343,-4900%,,,
9,-415,-4611%,,,
12,-397,-3308%,,,
11,-415,-3773%,,,
6,-406,-6767%,,,
11,-442,-4018%,,,
11,-379,-3445%,,,
11,-424,-3855%,,,
-20,-415,2075%,,,
0,-451,#DIV/0!,,,
3,-406,-13533%,,,
8,-307,-3838%,,,
5,-406,-8120%,,,
12,-397,-3308%,,,
6,-388,-6467%,,,
3,-442,-14733%,,,
9,-433,-4811%,,,
10,-343,-3430%,,,
9,-442,-4911%,,,
3,-424,-14133%,,,
2,-442,-22100%,,,
5,-388,-7760%,,,
5,-424,-8480%,,,
6,-379,-6317%,,,
-26,-343,1319%,,,
3,-352,-11733%,,,
11,-361,-3282%,,,
-6,-415,6917%,,,
9,-397,-4411%,,,
-12,-352,2933%,,,
9,-379,-4211%,,,
13,-424,-3262%,,,
7,-316,-4514%,,,
9,-379,-4211%,,,
-6,-442,7367%,,,
12,-442,-3683%,,,
10,-433,-4330%,,,
10,-379,-3790%,,,
-3,-370,12333%,,,
7,-415,-5929%,,,
8,-307,-3838%,,,
11,-415,-3773%,,,
8,-397,-4963%,,,
7,-361,-5157%,,,
3,-406,-13533%,,,
8,-271,-3388%,,,
4,-361,-9025%,,,
9,-442,-4911%,,,
7,-415,-5929%,,,
6,-433,-7217%,,,
11,-388,-3527%,,,
-3,-424,14133%,,,
6,-415,-6917%,,,
4,-433,-10825%,,,
5,-397,-7940%,,,
5,-325,-6500%,,,
11,-307,-2791%,,,
3,-298,-9933%,,,
5,-406,-8120%,,,
7,-406,-5800%,,,
11,-388,-3527%,,,
-7,-384,5486%,,,
9,-406,-4511%,,,
4,-370,-9250%,,,
5,-397,-7940%,,,
14,-325,-2321%,,,
11,-460,-4182%,,,
6,-406,-6767%,,,
3,-433,-14433%,,,
5,-388,-7760%,,,
-11,-370,3364%,,,
8,-388,-4850%,,,
7,-343,-4900%,,,
15,-478,-3187%,,,
7,-433,-6186%,,,
13,-478,-3677%,,,
11,-442,-4018%,,,
12,-334,-2783%,,,
3,-334,-11133%,,,
9,-397,-4411%,,,
9,-361,-4011%,,,
8,-316,-3950%,,,
6,-397,-6617%,,,
10,-361,-3610%,,,
11,-352,-3200%,,,
11,-433,-3936%,,,
9,-388,-4311%,,,
7,-406,-5800%,,,
8,-415,-5188%,,,
9,-361,-4011%,,,
7,-352,-5029%,,,
-3,-415,13833%,,,
6,-370,-6167%,,,
5,-343,-6860%,,,
11,-397,-3609%,,,
-26,-352,1354%,,,
10,-397,-3970%,,,
9,-397,-4411%,,,
8,-379,-4738%,,,
9,-289,-3211%,,,
13,-352,-2708%,,,
4,-325,-8125%,,,
10,-379,-3790%,,,
7,-397,-5671%,,,
8,-406,-5075%,,,
14,-388,-2771%,,,
12,-379,-3158%,,,
5,-397,-7940%,,,
8,-280,-3500%,,,
6,-433,-7217%,,,
12,-415,-3458%,,,
6,-460,-7667%,,,
7,-433,-6186%,,,
7,-388,-5543%,,,
11,-352,-3200%,,,
6,-370,-6167%,,,
13,-460,-3538%,,,
2,-424,-21200%,,,
11,-424,-3855%,,,
11,-487,-4427%,,,
8,-406,-5075%,,,
5,-352,-7040%,,,
7,-433,-6186%,,,
5,-424,-8480%,,,
10,-442,-4420%,,,
6,-397,-6617%,,,
14,-343,-2450%,,,
-2,-280,14000%,,,
8,-397,-4963%,,,
-18,-442,2456%,,,
5,-379,-7580%,,,
4,-334,-8350%,,,
10,-361,-3610%,,,
11,-469,-4264%,,,
9,-415,-4611%,,,
5,-379,-7580%,,,
9,-406,-4511%,,,
1,-451,-45100%,,,
8,-406,-5075%,,,
6,-397,-6617%,,,
8,-379,-4738%,,,
11,-406,-3691%,,,
6,-442,-7367%,,,
5,-388,-7760%,,,
6,-433,-7217%,,,
5,-370,-7400%,,,
9,-424,-4711%,,,
-5,-352,7040%,,,
12,-415,-3458%,,,
7,-424,-6057%,,,
13,-370,-2846%,,,
8,-361,-4513%,,,
9,-379,-4211%,,,
8,-433,-5413%,,,
4,-397,-9925%,,,
11,-406,-3691%,,,
9,-370,-4111%,,,
7,-343,-4900%,,,
6,-424,-7067%,,,
4,-316,-7900%,,,
11,-397,-3609%,,,
1,-442,-44200%,,,
10,-415,-4150%,,,
11,-478,-4345%,,,
9,-379,-4211%,,,
8,-370,-4625%,,,
-3,-397,13233%,,,
3,-397,-13233%,,,
4,-370,-9250%,,,
-6,-388,6467%,,,
7,-451,-6443%,,,
8,-388,-4850%,,,
8,-415,-5188%,,,
9,-343,-3811%,,,
9,-370,-4111%,,,
10,-361,-3610%,,,
5,-361,-7220%,,,
5,-442,-8840%,,,
13,-469,-3608%,,,
1,-397,-39700%,,,
-14,-334,2386%,,,
0,-406,#DIV/0!,,,
-1,-406,40600%,,,
-12,-406,3383%,,,
4,-406,-10150%,,,
9,-397,-4411%,,,
10,-388,-3880%,,,
8,-424,-5300%,,,
9,-361,-4011%,,,
7,-325,-4643%,,,
6,-406,-6767%,,,
10,-361,-3610%,,,
4,-433,-10825%,,,
11,-433,-3936%,,,
6,-370,-6167%,,,
2,-424,-21200%,,,
11,-352,-3200%,,,
-9,-361,4011%,,,
7,-379,-5414%,,,
10,-424,-4240%,,,
12,-397,-3308%,,,
-6,-325,5417%,,,
6,-397,-6617%,,,
0,-370,#DIV/0!,,,
9,-388,-4311%,,,
10,-469,-4690%,,,
8,-343,-4288%,,,
8,-478,-5975%,,,
5,-379,-7580%,,,
7,-388,-5543%,,,
6,-379,-6317%,,,
12,-334,-2783%,,,
-3,-280,9333%,,,
11,-343,-3118%,,,
8,-352,-4400%,,,
-1,-370,37000%,,,
9,-388,-4311%,,,
-13,-370,2846%,,,
9,-325,-3611%,,,
4,-424,-10600%,,,
12,-325,-2708%,,,
-3,-415,13833%,,,
8,-433,-5413%,,,
7,-424,-6057%,,,
5,-361,-7220%,,,
7,-415,-5929%,,,
11,-397,-3609%,,,
-9,-343,3811%,,,
8,-379,-4738%,,,
4,-496,-12400%,,,
7,-343,-4900%,,,
-17,-397,2335%,,,
6,-361,-6017%,,,
7,-406,-5800%,,,
8,-442,-5525%,,,
8,-388,-4850%,,,
11,-352,-3200%,,,
11,-289,-2627%,,,
-21,-415,1976%,,,
13,-370,-2846%,,,
13,-334,-2569%,,,
7,-316,-4514%,,,
3,-379,-12633%,,,
8,-406,-5075%,,,
7,-352,-5029%,,,
9,-433,-4811%,,,
3,-343,-11433%,,,
10,-343,-3430%,,,
7,-415,-5929%,,,
8,-379,-4738%,,,
15,-316,-2107%,,,
9,-415,-4611%,,,
-7,-352,5029%,,,
-3,-388,12933%,,,
-6,-370,6167%,,,
12,-352,-2933%,,,
6,-388,-6467%,,,
8,-379,-4738%,,,
6,-361,-6017%,,,
5,-415,-8300%,,,
15,-433,-2887%,,,
10,-415,-4150%,,,
9,-406,-4511%,,,
-10,-352,3520%,,,
11,-424,-3855%,,,
4,-442,-11050%,,,
5,-505,-10100%,,,
2,-451,-22550%,,,
4,-415,-10375%,,,
10,-442,-4420%,,,
-4,-343,8575%,,,
11,-379,-3445%,,,
14,-343,-2450%,,,
8,-433,-5413%,,,
5,-298,-5960%,,,
4,-469,-11725%,,,
10,-388,-3880%,,,
11,-406,-3691%,,,
1,-424,-42400%,,,
9,-325,-3611%,,,
8,-415,-5188%,,,
8,-451,-5638%,,,
3,-442,-14733%,,,
5,-361,-7220%,,,
7,-424,-6057%,,,
7,-379,-5414%,,,
2,-260,-13000%,,,
8,-379,-4738%,,,
-6,-397,6617%,,,
7,-397,-5671%,,,
11,-361,-3282%,,,
10,-469,-4690%,,,
-16,-397,2481%,,,
2,-424,-21200%,,,
9,-433,-4811%,,,
10,-433,-4330%,,,
11,-280,-2545%,,,
10,-451,-4510%,,,
-12,-415,3458%,,,
-4,-460,11500%,,,
-21,-334,1590%,,,
6,-424,-7067%,,,
14,-397,-2836%,,,
11,-343,-3118%,,,
9,-361,-4011%,,,
7,-397,-5671%,,,
3,-442,-14733%,,,
6,-388,-6467%,,,
8,-370,-4625%,,,
3,-173,-5767%,,,
8,-424,-5300%,,,
10,-361,-3610%,,,
8,-370,-4625%,,,
-6,-406,6767%,,,
-6,-415,6917%,,,
7,-352,-5029%,,,
13,-379,-2915%,,,
7,-469,-6700%,,,
-39,-397,1018%,,,
10,-442,-4420%,,,
4,-442,-11050%,,,
7,-379,-5414%,,,
8,-451,-5638%,,,
13,-406,-3123%,,,
-4,-415,10375%,,,
4,-379,-9475%,,,
13,-406,-3123%,,,
9,-361,-4011%,,,
7,-415,-5929%,,,
13,-415,-3192%,,,
-27,-397,1470%,,,
2,-406,-20300%,,,
10,-388,-3880%,,,
8,-460,-5750%,,,
-2,-316,15800%,,,
-5,-424,8480%,,,
4,-442,-11050%,,,
-12,-289,2408%,,,
7,-451,-6443%,,,
-22,-379,1723%,,,
5,-406,-8120%,,,
7,-496,-7086%,,,
12,-334,-2783%,,,
8,-361,-4513%,,,
5,-379,-7580%,,,
4,-388,-9700%,,,
4,-379,-9475%,,,
-32,-361,1128%,,,
9,-424,-4711%,,,
7,-334,-4771%,,,
9,-361,-4011%,,,
2,-361,-18050%,,,
8,-442,-5525%,,,
9,-433,-4811%,,,
1,-424,-42400%,,,
7,-343,-4900%,,,
1,-388,-38800%,,,
-3,-406,13533%,,,
10,-433,-4330%,,,
-11,-343,3118%,,,
7,-424,-6057%,,,
10,-388,-3880%,,,
9,-451,-5011%,,,
9,-379,-4211%,,,
2,-415,-20750%,,,
5,-388,-7760%,,,
-5,-352,7040%,,,
8,-478,-5975%,,,
11,-406,-3691%,,,
4,-532,-13300%,,,
13,-514,-3954%,,,
14,-460,-3286%,,,
11,-379,-3445%,,,
12,-433,-3608%,,,
8,-298,-3725%,,,
12,-451,-3758%,,,
10,-325,-3250%,,,
-23,-397,1726%,,,
6,-379,-6317%,,,
10,-406,-4060%,,,
11,-487,-4427%,,,
6,-334,-5567%,,,
4,-361,-9025%,,,
6,-415,-6917%,,,
8,-442,-5525%,,,
9,-478,-5311%,,,
8,-406,-5075%,,,
8,-361,-4513%,,,
-24,-460,1917%,,,
8,-388,-4850%,,,
12,-334,-2783%,,,
12,-343,-2858%,,,
11,-442,-4018%,,,
10,-352,-3520%,,,
12,-469,-3908%,,,
6,-388,-6467%,,,
6,-424,-7067%,,,
-28,-388,1386%,,,
10,-379,-3790%,,,
7,-370,-5286%,,,
0,-397,#DIV/0!,,,
3,-496,-16533%,,,
4,-343,-8575%,,,
5,-397,-7940%,,,
10,-433,-4330%,,,
-18,-352,1956%,,,
-3,-424,14133%,,,
11,-352,-3200%,,,
11,-460,-4182%,,,
-37,-397,1073%,,,
11,-361,-3282%,,,
8,-397,-4963%,,,
5,-388,-7760%,,,
11,-478,-4345%,,,
14,-460,-3286%,,,
10,-361,-3610%,,,
8,-415,-5188%,,,
11,-298,-2709%,,,
10,-325,-3250%,,,
9,-397,-4411%,,,
-43,-352,819%,,,
9,-451,-5011%,,,
6,-379,-6317%,,,
7,-379,-5414%,,,
5,-415,-8300%,,,
9,-370,-4111%,,,
-10,-379,3790%,,,
11,-352,-3200%,,,
5,-433,-8660%,,,
9,-397,-4411%,,,
6,-352,-5867%,,,
4,-343,-8575%,,,
-10,-442,4420%,,,
8,-397,-4963%,,,
11,-424,-3855%,,,
10,-406,-4060%,,,
8,-280,-3500%,,,
8,-388,-4850%,,,
6,-415,-6917%,,,
9,-361,-4011%,,,
10,-415,-4150%,,,
8,-343,-4288%,,,
8,-361,-4513%,,,
-10,-361,3610%,,,
8,-451,-5638%,,,
11,-415,-3773%,,,
13,-370,-2846%,,,
6,-523,-8717%,,,
9,-352,-3911%,,,
5,-388,-7760%,,,
-19,-442,2326%,,,
0,-316,#DIV/0!,,,
12,-424,-3533%,,,
-3,-388,12933%,,,
-20,-397,1985%,,,
6,-397,-6617%,,,
2,-451,-22550%,,,
6,-487,-8117%,,,
9,-451,-5011%,,,
5,-361,-7220%,,,
4,-325,-8125%,,,
9,-370,-4111%,,,
-16,-397,2481%,,,
4,-361,-9025%,,,
8,-424,-5300%,,,
8,-307,-3838%,,,
2,-433,-21650%,,,
3,-424,-14133%,,,
-4,-379,9475%,,,
5,-361,-7220%,,,
9,-415,-4611%,,,
4,-424,-10600%,,,
7,-352,-5029%,,,
6,-424,-7067%,,,
11,-424,-3855%,,,
-25,-397,1588%,,,
1,-478,-47800%,,,
8,-406,-5075%,,,
2,-253,-12650%,,,
11,-298,-2709%,,,
8,-424,-5300%,,,
8,-379,-4738%,,,
11,-424,-3855%,,,
7,-370,-5286%,,,
14,-379,-2707%,,,
8,-352,-4400%,,,
9,-334,-3711%,,,
7,-406,-5800%,,,
8,-388,-4850%,,,
5,-433,-8660%,,,
-3,-460,15333%,,,
4,-343,-8575%,,,
5,-343,-6860%,,,
5,-550,-11000%,,,
12,-289,-2408%,,,
5,-424,-8480%,,,
8,-325,-4063%,,,
8,-370,-4625%,,,
9,-406,-4511%,,,
1,-388,-38800%,,,
5,-361,-7220%,,,
6,-415,-6917%,,,
6,-388,-6467%,,,
9,-424,-4711%,,,
10,-316,-3160%,,,
6,-352,-5867%,,,
10,-442,-4420%,,,
11,-424,-3855%,,,
8,-433,-5413%,,,
9,-379,-4211%,,,
10,-325,-3250%,,,
9,-424,-4711%,,,
11,-379,-3445%,,,
7,-370,-5286%,,,
8,-370,-4625%,,,
10,-343,-3430%,,,
11,-415,-3773%,,,
3,-433,-14433%,,,
-46,-388,843%,,,
-20,-433,2165%,,,
10,-397,-3970%,,,
6,-397,-6617%,,,
2,-406,-20300%,,,
6,-298,-4967%,,,
0,-370,#DIV/0!,,,
6,-388,-6467%,,,
0,-415,#DIV/0!,,,
2,-370,-18500%,,,
-20,-379,1895%,,,
10,-397,-3970%,,,
10,-424,-4240%,,,
10,-388,-3880%,,,
3,-379,-12633%,,,
10,-406,-4060%,,,
6,-433,-7217%,,,
1,-379,-37900%,,,
13,-343,-2638%,,,
2,-451,-22550%,,,
11,-415,-3773%,,,
14,-469,-3350%,,,
10,-397,-3970%,,,
11,-352,-3200%,,,
8,-361,-4513%,,,
10,-514,-5140%,,,
3,-334,-11133%,,,
7,-424,-6057%,,,
14,-388,-2771%,,,
9,-370,-4111%,,,
9,-415,-4611%,,,
12,-352,-2933%,,,
3,-361,-12033%,,,
8,-487,-6088%,,,
7,-406,-5800%,,,
10,-361,-3610%,,,
8,-370,-4625%,,,
8,-370,-4625%,,,
9,-370,-4111%,,,
2,-451,-22550%,,,
-14,-379,2707%,,,
5,-424,-8480%,,,
9,-370,-4111%,,,
12,-433,-3608%,,,
9,-406,-4511%,,,
6,-224,-3733%,,,
3,-370,-12333%,,,
5,-397,-7940%,,,
11,-433,-3936%,,,
5,-451,-9020%,,,
5,-307,-6140%,,,
7,-406,-5800%,,,
10,-442,-4420%,,,
6,-325,-5417%,,,
6,-370,-6167%,,,
3,-316,-10533%,,,
1,-370,-37000%,,,
10,-370,-3700%,,,
5,-370,-7400%,,,
14,-433,-3093%,,,
7,-442,-6314%,,,
10,-406,-4060%,,,
11,-379,-3445%,,,
2,-469,-23450%,,,
8,-370,-4625%,,,
9,-397,-4411%,,,
5,-334,-6680%,,,
8,-424,-5300%,,,
7,-415,-5929%,,,
10,-370,-3700%,,,
-2,-406,20300%,,,
5,-379,-7580%,,,
10,-361,-3610%,,,
11,-397,-3609%,,,
6,-352,-5867%,,,
7,-478,-6829%,,,
7,-415,-5929%,,,
9,-415,-4611%,,,
7,-388,-5543%,,,
4,-388,-9700%,,,
6,-361,-6017%,,,
13,-379,-2915%,,,
11,-370,-3364%,,,
8,-460,-5750%,,,
8,-433,-5413%,,,
6,-397,-6617%,,,
11,-379,-3445%,,,
6,-397,-6617%,,,
11,-379,-3445%,,,
10,-433,-4330%,,,
5,-397,-7940%,,,
11,-397,-3609%,,,
3,-388,-12933%,,,
6,-379,-6317%,,,
6,-370,-6167%,,,
7,-388,-5543%,,,
5,-469,-9380%,,,
13,-388,-2985%,,,
7,-307,-4386%,,,
9,-433,-4811%,,,
1,-334,-33400%,,,
7,-343,-4900%,,,
7,-370,-5286%,,,
5,-397,-7940%,,,
-9,-388,4311%,,,
5,-361,-7220%,,,
10,-379,-3790%,,,
6,-379,-6317%,,,
8,-415,-5188%,,,
9,-460,-5111%,,,
-13,-361,2777%,,,
8,-415,-5188%,,,
15,-370,-2467%,,,
14,-415,-2964%,,,
7,-424,-6057%,,,
4,-307,-7675%,,,
6,-469,-7817%,,,
12,-379,-3158%,,,
8,-325,-4063%,,,
7,-343,-4900%,,,
11,-307,-2791%,,,
5,-415,-8300%,,,
3,-433,-14433%,,,
6,-370,-6167%,,,
14,-361,-2579%,,,
6,-442,-7367%,,,
11,-424,-3855%,,,
0,-388,#DIV/0!,,,
-21,-460,2190%,,,
6,-424,-7067%,,,
-26,-487,1873%,,,
2,-442,-22100%,,,
1,-361,-36100%,,,
-18,-433,2406%,,,
7,-424,-6057%,,,
6,-442,-7367%,,,
10,-406,-4060%,,,
7,-505,-7214%,,,
6,-370,-6167%,,,
9,-325,-3611%,,,
7,-370,-5286%,,,
10,-406,-4060%,,,
6,-257,-4283%,,,
-14,-433,3093%,,,
10,-514,-5140%,,,
4,-442,-11050%,,,
11,-397,-3609%,,,
6,-325,-5417%,,,
10,-424,-4240%,,,
8,-379,-4738%,,,
6,-352,-5867%,,,
9,-352,-3911%,,,
5,-433,-8660%,,,
6,-451,-7517%,,,
7,-415,-5929%,,,
6,-415,-6917%,,,
9,-397,-4411%,,,
11,-388,-3527%,,,
8,-343,-4288%,,,
8,-298,-3725%,,,
5,-451,-9020%,,,
3,-388,-12933%,,,
-11,-370,3364%,,,
3,-379,-12633%,,,
10,-442,-4420%,,,
9,-388,-4311%,,,
6,-361,-6017%,,,
11,-370,-3364%,,,
6,-433,-7217%,,,
10,-388,-3880%,,,
7,-433,-6186%,,,
-9,-469,5211%,,,
3,-397,-13233%,,,
6,-343,-5717%,,,
-17,-343,2018%,,,
5,-460,-9200%,,,
8,-343,-4288%,,,
4,-334,-8350%,,,
5,-271,-5420%,,,
-5,-406,8120%,,,
11,-388,-3527%,,,
-17,-433,2547%,,,
-14,-334,2386%,,,
4,-415,-10375%,,,
9,-424,-4711%,,,
6,-298,-4967%,,,
12,-352,-2933%,,,
10,-451,-4510%,,,
13,-424,-3262%,,,
8,-424,-5300%,,,
10,-334,-3340%,,,
4,-397,-9925%,,,
-18,-460,2556%,,,
9,-433,-4811%,,,
9,-433,-4811%,,,
6,-415,-6917%,,,
9,-433,-4811%,,,
8,-415,-5188%,,,
11,-388,-3527%,,,
6,-397,-6617%,,,
11,-478,-4345%,,,
7,-397,-5671%,,,
10,-370,-3700%,,,
11,-487,-4427%,,,
11,-415,-3773%,,,
10,-397,-3970%,,,
5,-352,-7040%,,,
9,-361,-4011%,,,
13,-505,-3885%,,,
11,-424,-3855%,,,
11,-406,-3691%,,,
6,-397,-6617%,,,
6,-469,-7817%,,,
-9,-325,3611%,,,
11,-352,-3200%,,,
8,-361,-4513%,,,
8,-460,-5750%,,,
3,-496,-16533%,,,
9,-379,-4211%,,,
9,-460,-5111%,,,
8,-397,-4963%,,,
7,-307,-4386%,,,
10,-370,-3700%,,,
11,-361,-3282%,,,
4,-370,-9250%,,,
-9,-361,4011%,,,
14,-379,-2707%,,,
10,-424,-4240%,,,
10,-424,-4240%,,,
10,-424,-4240%,,,
11,-388,-3527%,,,
7,-388,-5543%,,,
11,-433,-3936%,,,
9,-352,-3911%,,,
8,-379,-4738%,,,
4,-397,-9925%,,,
9,-379,-4211%,,,
9,-433,-4811%,,,
6,-379,-6317%,,,
9,-325,-3611%,,,
7,-433,-6186%,,,
6,-397,-6617%,,,
4,-388,-9700%,,,
8,-307,-3838%,,,
6,-433,-7217%,,,
9,-352,-3911%,,,
5,-379,-7580%,,,
13,-370,-2846%,,,
-5,-379,7580%,,,
5,-334,-6680%,,,
11,-460,-4182%,,,
8,-415,-5188%,,,
12,-397,-3308%,,,
8,-379,-4738%,,,
11,-496,-4509%,,,
13,-460,-3538%,,,
8,-361,-4513%,,,
4,-388,-9700%,,,
9,-343,-3811%,,,
11,-388,-3527%,,,
8,-370,-4625%,,,
10,-415,-4150%,,,
3,-352,-11733%,,,
6,-451,-7517%,,,
12,-325,-2708%,,,
-14,-415,2964%,,,
9,-424,-4711%,,,
9,-406,-4511%,,,
6,-343,-5717%,,,
7,-397,-5671%,,,
7,-442,-6314%,,,
10,-469,-4690%,,,
14,-388,-2771%,,,
9,-487,-5411%,,,
-9,-352,3911%,,,
6,-424,-7067%,,,
-14,-460,3286%,,,
3,-325,-10833%,,,
5,-325,-6500%,,,
10,-379,-3790%,,,
7,-325,-4643%,,,
3,-334,-11133%,,,
6,-460,-7667%,,,
11,-478,-4345%,,,
8,-442,-5525%,,,
12,-442,-3683%,,,
7,-424,-6057%,,,
5,-86,-1720%,,,
7,-451,-6443%,,,
13,-343,-2638%,,,
6,-433,-7217%,,,
9,-379,-4211%,,,
10,-478,-4780%,,,
14,-361,-2579%,,,
9,-379,-4211%,,,
1,-406,-40600%,,,
-14,-460,3286%,,,
14,-442,-3157%,,,
-8,-251,3138%,,,
7,-370,-5286%,,,
6,-397,-6617%,,,
6,-370,-6167%,,,
8,-451,-5638%,,,
4,-379,-9475%,,,
6,-460,-7667%,,,
10,-424,-4240%,,,
8,-424,-5300%,,,
5,-415,-8300%,,,
8,-406,-5075%,,,
5,-433,-8660%,,,
1,-406,-40600%,,,
11,-370,-3364%,,,
13,-361,-2777%,,,
12,-271,-2258%,,,
11,-361,-3282%,,,
11,-406,-3691%,,,
1,-433,-43300%,,,
-24,-406,1692%,,,
10,-451,-4510%,,,
-11,-379,3445%,,,
8,-406,-5075%,,,
6,-370,-6167%,,,
-7,-307,4386%,,,
2,-316,-15800%,,,
9,-415,-4611%,,,
13,-442,-3400%,,,
13,-379,-2915%,,,
7,-460,-6571%,,,
10,-451,-4510%,,,
7,-469,-6700%,,,
-8,-406,5075%,,,
7,-406,-5800%,,,
11,-379,-3445%,,,
9,-388,-4311%,,,
10,-424,-4240%,,,
6,-415,-6917%,,,
3,-361,-12033%,,,
10,-325,-3250%,,,
9,-343,-3811%,,,
1,-388,-38800%,,,
4,-406,-10150%,,,
10,-406,-4060%,,,
-5,-406,8120%,,,
7,-352,-5029%,,,
-7,-442,6314%,,,
5,-379,-7580%,,,
2,-370,-18500%,,,
5,-406,-8120%,,,
11,-442,-4018%,,,
11,-361,-3282%,,,
12,-397,-3308%,,,
10,-361,-3610%,,,
7,-325,-4643%,,,
8,-388,-4850%,,,
9,-406,-4511%,,,
11,-460,-4182%,,,
12,-343,-2858%,,,
12,-478,-3983%,,,
5,-397,-7940%,,,
9,-415,-4611%,,,
3,-397,-13233%,,,
2,-343,-17150%,,,
12,-379,-3158%,,,
15,-451,-3007%,,,
8,-424,-5300%,,,
7,-352,-5029%,,,
7,-424,-6057%,,,
9,-388,-4311%,,,
7,-361,-5157%,,,
9,-406,-4511%,,,
8,-388,-4850%,,,
8,-325,-4063%,,,
12,-424,-3533%,,,
11,-397,-3609%,,,
11,-415,-3773%,,,
7,-316,-4514%,,,
6,-433,-7217%,,,
6,-397,-6617%,,,
7,-406,-5800%,,,
7,-300,-4286%,,,
7,-397,-5671%,,,
12,-433,-3608%,,,
4,-415,-10375%,,,
8,-424,-5300%,,,
5,-406,-8120%,,,
-6,-415,6917%,,,
8,-352,-4400%,,,
10,-370,-3700%,,,
8,-406,-5075%,,,
7,-415,-5929%,,,
2,-460,-23000%,,,
-19,-361,1900%,,,
5,-316,-6320%,,,
6,-406,-6767%,,,
10,-415,-4150%,,,
7,-487,-6957%,,,
4,-379,-9475%,,,
7,-379,-5414%,,,
10,-379,-3790%,,,
13,-193,-1485%,,,
2,-424,-21200%,,,
6,-451,-7517%,,,
8,-442,-5525%,,,
5,-424,-8480%,,,
5,-406,-8120%,,,
9,-361,-4011%,,,
12,-379,-3158%,,,
11,-397,-3609%,,,
7,-406,-5800%,,,
9,-379,-4211%,,,
10,-262,-2620%,,,
11,-361,-3282%,,,
6,-388,-6467%,,,
7,-379,-5414%,,,
-3,-370,12333%,,,
9,-433,-4811%,,,
11,-478,-4345%,,,
8,-433,-5413%,,,
4,-343,-8575%,,,
3,-415,-13833%,,,
5,-388,-7760%,,,
8,-415,-5188%,,,
9,-433,-4811%,,,
5,-361,-7220%,,,
8,-406,-5075%,,,
9,-397,-4411%,,,
9,-397,-4411%,,,
5,-433,-8660%,,,
13,-496,-3815%,,,
7,-379,-5414%,,,
9,-352,-3911%,,,
11,-370,-3364%,,,
7,-406,-5800%,,,
8,-433,-5413%,,,
9,-343,-3811%,,,
3,-397,-13233%,,,
10,-343,-3430%,,,
6,-469,-7817%,,,
-8,-397,4963%,,,
10,-505,-5050%,,,
8,-325,-4063%,,,
10,-442,-4420%,,,
5,-316,-6320%,,,
11,-442,-4018%,,,
3,-397,-13233%,,,
8,-388,-4850%,,,
14,-370,-2643%,,,
8,-388,-4850%,,,
7,-370,-5286%,,,
9,-352,-3911%,,,
13,-451,-3469%,,,
11,-316,-2873%,,,
4,-424,-10600%,,,
9,-352,-3911%,,,
14,-379,-2707%,,,
7,-460,-6571%,,,
-21,-424,2019%,,,
5,-325,-6500%,,,
11,-379,-3445%,,,
9,-460,-5111%,,,
9,-352,-3911%,,,
3,-424,-14133%,,,
8,-370,-4625%,,,
7,-424,-6057%,,,
10,-388,-3880%,,,
-1,-433,43300%,,,
8,-316,-3950%,,,
9,-388,-4311%,,,
9,-334,-3711%,,,
11,-424,-3855%,,,
8,-245,-3063%,,,
0,-424,#DIV/0!,,,
5,-433,-8660%,,,
5,-352,-7040%,,,
10,-451,-4510%,,,
7,-442,-6314%,,,
10,-406,-4060%,,,
5,-352,-7040%,,,
9,-316,-3511%,,,
2,-334,-16700%,,,
7,-415,-5929%,,,
7,-325,-4643%,,,
11,-370,-3364%,,,
4,-316,-7900%,,,
5,-451,-9020%,,,
11,-406,-3691%,,,
7,-424,-6057%,,,
5,-271,-5420%,,,
8,-433,-5413%,,,
8,-361,-4513%,,,
10,-415,-4150%,,,
7,-388,-5543%,,,
12,-433,-3608%,,,
7,-406,-5800%,,,
11,-370,-3364%,,,
9,-343,-3811%,,,
12,-397,-3308%,,,
10,-424,-4240%,,,
4,-397,-9925%,,,
11,-424,-3855%,,,
4,-469,-11725%,,,
5,-379,-7580%,,,
6,-370,-6167%,,,
6,-451,-7517%,,,
8,-406,-5075%,,,
9,-406,-4511%,,,
11,-424,-3855%,,,
2,-478,-23900%,,,
11,-460,-4182%,,,
5,-487,-9740%,,,
5,-469,-9380%,,,
8,-415,-5188%,,,
2,-424,-21200%,,,
8,-424,-5300%,,,
8,-361,-4513%,,,
0,-442,#DIV/0!,,,
9,-442,-4911%,,,
11,-334,-3036%,,,
4,-379,-9475%,,,
6,-442,-7367%,,,
8,-370,-4625%,,,
8,-460,-5750%,,,
